,Symbol,dot_structure_second
0,SNORA11E,.(((((((....((((((((((((........))).)))))))))....)))))))............((((...(((..((.(((.(((((..))))).))).....)).)))...)))).......
1,SNORA13,.((((((.((.((((((((((((.........)))))))).)))).))..))))))...........((((((((((....((((((((..((........))...)).)))))))))))).)))).......
2,SNORA15,((((((.......((((((...............)))))).......))))))..........((((((((((......(((((((((((((..........)))))))))))))))))))).))).......
3,SNORA16B,.......(((((.......(((((((........)))))))...........))))).............(((((((...........(((...........)))................))))))).......
4,SNORA21,.(((.(((........(((((((((..............)))))))))........)))))).........................(((((..((((....))))...)))))...................
5,SNORA22,..((((((.(..((.(((((.(.(((....))).).)))))...))..))))))).((((((.....)))))).....(((((((((((((((.......))))))).))))....))))..............
6,SNORA23,...................((((............(((.(((((((((.(((((..(((.....)))..))))).)))))).))).)))......))))...............(((((........((((((.((((.((((((..)))))).....)))))))))).........))))).......
7,SNORA27,...............................(((((...((((....))))...))))).........((((((.......(((((((((.....))))))))).........)))))).......
8,SNORA29,...((((........((((........................)))).........)))).............((((..............((((................))))........)))).............
9,SNORA32,..(((((..(((.............((((........))))..)))..))))).............((((...((((.......(((..........)))...))))...)))).......
10,SNORA33,..(((((........(((((..................))))).............))))).........((((........(((((((.(((......))).))))))).........))))..........
11,SNORA35,..((((((....(.(.((((((((.(........).))))..))))).)....))))))..........(....(...(..(((((..((((........))))..)))))..)...)..).......
12,SNORA36A,(((((((((........(((..(((((......)))))..)))........)))))))))..........((((.((((.......(((((((((.......))))))))).....)))).)))).......
13,SNORA36C,(((((((((........(((..(((((......)))))..)))........)))))))))..........((((.((((.......(((((((((.......))))))))).....)))).)))).......
14,SNORA37,..((((((....(((.((((.((((.......))))..)))).)))......)))))).........(((((((.((.((..(((((((((.......)))).)))))..)))).)))).)))......
15,SNORA3A,.((((((((..((.((((((..((((........))))..))))))))..))).)))))..........(((((((....((((((.(((((........))))).))))))...)))))))........
16,SNORA3B,.((((((((..((.((((((..((((.......))))..))))))))..))).)))))..........(((((((.(...((((((.((((((.......)))))).)))))).).)))))))........
17,SNORA4,..(((((...((((((...((..((((((((.......))))..))))..)).))))))))))).........((.(((((......((((((((((((......)))))))))))).......))))).)).....
18,SNORA40,(((((((((.(..((((((((....(..).))))))))....).)))))))))........(((((.(((((.....((((((((((........)))))))))).......))))).)))))....
19,SNORA41,..((((..........(((((((((............))))))))).........))))..............(((((....(((((((((.........)))))).)))......)))))...........
20,SNORA44,..........((...(((((((......)))))))..))............................((((((.........((.((((...........))))......)).......)))))).......
21,SNORA46,.((((((((....((((...(((((((.......)))))))..))))....)))))))).......(((((((((((.((..(((((((.((..........)).)))).)))..)).)))))).))))).....
22,SNORA48,((((((((..((((...(((.((((((........))))))...)))...)))).))))))))...........((((((.........(((...(((.(((.((....)).))).))).))).)))))).....
23,SNORA49,..(((((((.(.....(((((((((((...........))))).))))))....).)))))))..........(((.((.......((((((.((((........)))))))))).........)).)))......
24,SNORA52,((((((((.......((((.(((.(((..).))..))).))))........)))))))).......(((((((.............((((((.............))))))..........)))))))......
25,SNORA54,..((((((...(.(((((((((((.........))))))))))).)....)))))).........((((..(((....(((((................)))))....))).)))).......
26,SNORA55,..(((((.......(((((((.((...............)).))))))).....)))))..........((((((.......((((((((......(((.......))).))))))))......)))))).......
27,SNORA56,..((((((...........((((((((........)))..)))))........)))))).........(((((((.(((...(((...((((((....))))))..)))...)))))))))).......
28,SNORA58,..((((((.......(((((((((..............)))))))))........))))))...........((((.(..(((.........(((((..........))))).......)))..)))))........
29,SNORA59B,...........................................................................................................................................................................................................................................................................................................................................................................................................................................(((((((((...........))))))))).....................................................................................................................................................................................................................................................
30,SNORA5A,.((((............(((((((((((........)))))))))))..........))))............((((((......(((((.................)))))........))))))........
31,SNORA5B,.((((............(((((((((((........)))))))))))..........))))..........((((((......(((((.................)))))........))))))........
32,SNORA60,.(((((((((....((((((((.((((.......))))))))))))...))))))))).........(.(((((((..........((((((((((...........))))).)))))......))))))))....
33,SNORA61,..(((((...........(((((.((((........))))..)))))........)))))................(((((((......(((.............)))...)))))))............
34,SNORA62,...(((((((...................((((.....))))......................))))))).........(((((.............((((..(((((...))))).....))))................))))).......
35,SNORA64,.(((((((..(((((...((((((((............)))))))).......))))).))))))).......(((((((((.....(((.(((((.......))))).)))...)))))))))..........
36,SNORA67,.((((((.((........((((((((((........)))))))...)))......)).))))))........((((.(((..(((.....((.(((.............))).))......))).)))))))........
37,SNORA69,..((((((.........(((((((((........))))))))).......))))))..........(((((((((((.....((((((((((((....)))))))))))).....)))))))))))......
38,SNORA70C,.((((.............((((..((((..........))))..)))).))))........................(((........((((((...........)))))).........)))............
39,SNORA70D,.((((.............((((..((((..........))))..)))).))))........................(((........((((((...........)))))).........)))............
40,SNORA70E,.((((.............((((..((((..........))))..)))).))))........................(((........((((((...........)))))).........)))............
41,SNORA70F,.((((.............((((..((((..........))))..)))).))))........................(((........((((((...........)))))).........)))............
42,SNORA71A,.(((((((((....((((((((.((((.......))))))))))))...)))))))))........(.(((((((............((((((((((..........))))).)))))......))))))))......
43,SNORA71C,(((((((((....((((((((.((((.......))))))))))))...))))))))).........(.(((((((..........((((((((((...........))))).)))))......))))))))...
44,SNORA71D,(((((((((....((((((((.((((.......))))))))))))...))))))))).........(.(((((((..........((((((((((...........))))).)))))......))))))))...
45,SNORA73A,.((((((((((((..(((.((((....))))....)))...)))))..((((.....(((((.(((((..........))..))).)...))))...)))).)))))))..........................(((((((..........((((((...((((...)))).......)))))).......)))))))........
46,SNORA74A,.(((((((((.((..(((((((((((.........))))).))))))...))))))))))).......(((((((((.....(((((((((((.(((.((((.....))))))).))))))..))))).))))))))).((((((((........(((.(((((((...))))))).)))......))))))))......
47,SNORA7B,..(((((.....(((...((((((((((.....)))))).))))...)))....))))).............((((((.......(((((.((((((((........)))))).)).)))))....)))))).......
48,SNORA9,..((((((........(((..(((((......)))))...)))..........))))))...........(((((..........((((((.(((.......))).)))))).........))))).......
49,ENSG00000207118,((((...............................................................................))))
50,ENSG00000263442,((((..........................((((...))))................................)))).
51,SNORA17A,.((((((((((.(((...((((.((((((......)))))).))))))).))))).)))))......(.((((((((....(((.(((((((((........))))).)))).)))...)))))))).)....
52,SNORD118,........................(((.((((((...)))))))))...........................((.((((....).))).))...(((((((((...........)))))))))............
53,SNORD18A,..((................................................................))
54,SNORD28,((((..................................................................)))).
55,SNORD4A,((((((............................................................))))))
56,SNORD96B,(((..................................................................)))
57,RNU105B,((((((((((((..(((.((((....))))......)))...)))))..((((.....(((((.(((((...........))..))).)..))))...)))).)))))))..........................(((((((..........((((((...((((...)))).......)))))).......)))))))........
58,SNORD112,((((((..........................................................))))))..
59,SNORD112-114,((((((...............................................................))))))..
60,SNORD113,.(((((............................................................................)))))..
61,SNORD-114,.(((((...........................................................)))))..
62,SNORD114-1,.(((((...........................................................))))).
63,SNORD102,(((((..............................................................)))))
64,SNORD105B,....(((((((((....)))).......(((((............)))))...................))))).....
65,SNORD110,((((...................................................................))))
66,SNORD113-3,.(((((...........................................................))))).
67,SNORD113-6,.(((((..............................................................))))).
68,SNORD113-7,.(((((................................................................))))).
69,SNORD113-8,.(((((.............................................................))))).
70,SNORD113-9,.(((((...........................................................))))).
72,SNORD114-12,.(((((..............................................................))))).
73,SNORD114-22,.(((((...........................................................)))))..
74,SNORD114-23,.(((((...........................................................))))).
75,SNORD114-26,.(((((...........................................................))))).
76,SNORD115-10,((((((.((.............................................................)).))..))))
77,SNORD115-15,((((((.((.............................................................)).))..))))
78,SNORD115-16,((((((.((..............................................................)).))..))))
79,SNORD115-21,((((((.((.............................................................)).))..))))
80,SNORD115-23,((((((.((..............................................................)).))..))))
81,SNORD115-32,((((((.((..............................................................)).))..))))
82,SNORD115-33,((((((.((..............................................................)).))..))))
83,SNORD115-40,((((((.((..............................................................)).))..))))
84,SNORD115-42,((((((.((..............................................................)).))..))))
85,SNORD115-8,((((((.((..............................................................)).))..))))
86,SNORD116-15,(((((....................(((((.(((..........)))...)))))................................)))))
87,SNORD116-21,(((((....................(((((.(((..........)))...)))))................................)))))
88,SNORD116-24,(((((....................(((((.(((..........)))...)))))................................)))))
89,SNORD116-29,(((((....................(((((.(((..........)))...))))).......................)))))
90,SNORD15A,((((.........................((((((.............))))))..((.....(((((((((.....)))))))))........)).......(((....)))..............................)))).
91,SNORD32A,(((((........................................................................)))))
92,SNORD36B,...((................................................................))
93,SNORD37,((..............................................................))
94,SNORD42A,(((......................................................))).
95,SNORD42B,(((((.........................................................)))))
96,SNORD52,(((.............................................................)))
97,SNORD59A,(((.(.................................................................).)))
98,SNORD6,(((((.............................................................)))))
99,SNORD60,((((.......................................(((((....))))).....................)))).
100,SNORD61,((...................................................................))..
101,SNORD64,(((((......(((.....((...(((((.............)))))....))...)))...)))))
102,SNORD68,.(((((.........................................................................)))))
103,SNORD69,((((((((((.........................................................))))))))))
104,SNORD83B,(((((...................................................................................)))))
105,Snord90,........(((((((((........(((((((((((..(..((.(.((((((.......)))))).).)))..))))...)))))))....))))))))).......
106,SNORD93,.((((................................................................)))).
107,SNORA11B,.(((((((....((((((((((((........))).)))))))))....)))))))............((((...(((..((.(((.(((((...))))).))).....)).)))...)))).......
108,SNORA71B,((((((((....((((((((.((((.......))))))))))))...))))))))..........(.(((((((..........((((((((((...........))))).)))))......))))))))......
109,SNORD117,((((.......................((((....))))................................)))).
110,SNORD15B,...((....))...................(((.(((...(((((...((..((((((((((((((.....)))))))))...)))))..))...)))))..))).))).....................................
111,SNORD22,.(((.....................(((.((((((...((((((((((...((....)).........))))))))))...))))))))).....((...(((((....)))))..))...)))..
112,SNORD33,((((.........................................................................))))..
113,SNORD3A,(((((((((((..(((((.....))))).)))))).))))).......(((.((......))))).........(((((..............((((((((((((..(((.......((((...(((((((((......))))).))))..)))).........))).(((((((((....))))))).))..)))))))))))).......)))))
114,SNORD50,.(((................................................................)))
117,SNORD78,.......((((((.....)))))).........................................
118,SNORD82,...(((((...........................................................)))))...
119,SNORD89,(((((((......(((........((......))((((..(((.((((..((.(((((.....))))).))((.(......).)))))).).))..)))).)))...)))))))
120,SNORD94,((((((..(((....(((....((((....))))(((((..........))))).(((((.(((((.((((.(((.(((((.....))))).))).))))))))).))))).........)))...)))..))))))
121,SNORD97,((((((............................(((((((.......))))))).................................................................................))))))
122,SNORD50A,.(((....................................................................)))
123,snoRNAU50,.................................
124,SNORD43,.(.(........................................................))
125,SNORA16A,......(((((.......(((((((........)))))))...........))))).............(((((((...........(((...........)))................))))))).......
127,SNORA17B,(((((.............((((..................))))....))))).............(((.....(((..((...((((((........))))))...))..)))......))).......
128,SNORA24,.((((((.......((((.(((((......)))))..))))........))))))............((((..(((((((..(((..((((......))))..)))........)))).)))..))))...
129,SNORA31,.(((((((..((.((((((..(((((((.....)))))))....))))))))...)))))))...........((((((..(..((((.(((((.....)))))..))))..)...))))))........
130,SNORA50C,(((((((..((((.((((.....((((.......))))..)))).))))...)))))))..........((.((((..(((..(((((((((((........))))))))))).)))..)))).)).......
134,SNORA78,....((((((..((((....((((........))))....))))..))))))..............(.(((((....(((((...(((........)))....))))).....))))).).......
135,SNORA80A,((((((((......((((((.(((((.........)).))).)))))).)))).))))............((((((.....((...((((((((..........))))))..))...))....)))))).......
137,SNORD10,((((.......................................(((((((((..........................................)))))))))...................................))))
138,SNORD101,(((((...............................................................)))))
140,SNORD103C,.((((((.............................................................)))))).
141,SNORD104,((............................................................................))
142,SNORD105,.((((.((((..................................................................)))).))))
144,SNORD11,((.(............................................................................))).
146,SNORD111,(((((....................................................................................)))))
153,SNORD114-13,.(((((.............................................................))))).
154,SNORD114-14,.(((((..............................................................))))).
155,SNORD114-15,.(((((...........................................................))))).
156,SNORD114-17,.(((((..............................................................)))))..
157,SNORD114-20,.(((((...........................................................))))).
158,SNORD114-21,.(((((...........................................................))))).
161,SNORD114-25,.(((((...........................................................))))).
163,SNORD114-28,.(((((...........................................................))))).
164,SNORD114-29,.(((((.........................................................))))).
165,SNORD114-3,.(((((..............................................................))))).
166,SNORD114-5,.(((((.........................................................))))).
167,SNORD114-9,.(((((...........................................................))))).
168,SNORD115-2,((((((.((..............................................................)).))..))))
169,SNORD115-28,(((((.((..............................................................)).))..))).
170,SNORD116-1,(((((......................(((((.(((...........)))...)))))................................)))))
171,SNORD116-16,(((((....................(((((.(((..........)))...)))))................................)))))
172,SNORD116-2,.(((((......................(((((.(((...........)))...)))))................................))))).
173,SNORD116-20,.(((((....................(((((.(((..........)))...)))))................................))))).
175,SNORD116-25,(((((....................((((.(((.........)))...))).)..................................)))))
176,SNORD116-3,(((((......................(((((.(((...........)))...)))))................................)))))
178,SNORD119,((((..........................................................................))))
179,SNORD12,(((((((((........................................................................)))))))))
180,SNORD121B,(((((..((((............................................................)))).)))))
181,SNORD123,((((((..........................................................))))))
182,SNORD124,........(((((((.........................................................................))))))).........
183,SNORD125,......(((((((((...................................................................))))))))).....
184,SNORD126,((((((.......................................................................................))))))
185,SNORD127,(((((((........................................................................)))))))
186,SNORD12B,(((((((((.........................................................................)))))))))
187,SNORD12C,((((.......................................................................))))
188,SNORD13,..............(((((((((.((((........)))))))))))))...((((((((........................))))))))............
189,SNORD14A,((((...................................................................................)))).
190,SNORD14B,((((..................................................................................)))).
191,SNORD14C,((((................................................................................))))
192,SNORD14D,((((...............................................................................))))
193,SNORD14E,((((.............................................................................))))
196,SNORD16,(((.................((((.....(((((....(((((((.......))))).....))...)))))......))))..............))).
197,SNORD18,((((..............................................................))))
199,SNORD18B,..((................................................................))
200,SNORD18C,..((.............................................................))
201,SNORD19,((((...........................................................)))).........
202,SNORD19B,...(((........................................................................)))...
203,SNORD1A,(.((((((..........................................................)))))).)
204,SNORD1B,(((((((........................................................................)))))))
205,SNORD1C,(((((((................................................................)))))))
206,SNORD2,((((((.........................................................))))))
207,SNORD20,((((.......................................................................)))).
208,SNORD21,((((....................................................................................))))...
210,SNORD24,((((...................................................................))))
211,SNORD25,((((..........................................................)))).
212,SNORD26,((((..................................................................)))).
213,SNORD27,((((...............................................................)).))
215,SNORD31,((...............................................................)).
217,SNORD34,((((.........................................................)))).
218,SNORD35A,((((.........................................................................)))).....
219,SNORD35B,.((((..........................................................................)))).....
220,SNORD36,((((.......................................................................)))).
221,SNORD36A,((((................................................................))))
224,SNORD38A,(((...................((((......))))................................)))
225,SNORD38B,..((..................((((......)))).............................))
227,SNORD3B-1,(((((((((((..(((((.....))))).)))))).))))).......(((.((......))))).........(((((..............((((((((((((..(((.......((((...(((((((((......))))).))))..)))).........))).(((((((((....))))))).))..)))))))))))).......)))))
228,SNORD3B-2,(((((((((((..(((((.....))))).)))))).))))).......(((.((......))))).........(((((..............((((((((((((..(((.......((((...(((((((((......))))).))))..)))).........))).(((((((((....))))))).))..)))))))))))).......)))))
229,SNORD3C,(((((((((((..(((((.....))))).)))))).))))).......(((.((......)))))..........................................(((.......((((...(((((((((......))))).))))..)))).........))).....(((...................................................................................................................................................................................................................................................................................................................................................................................................................)))
230,SNORD3D,(((((((((((..(((((.....))))).)))))).))))).......(((.((......))))).........(((((..............((((((((((((..(((.......((((...(((((((((......))))).))))..)))).........))).(((((((((....))))))).))..)))))))))))).......)))))
231,SNORD3P3,(((((((((((..(((((.....))))).)))))).))))).......(((.((......))))).................................................................
232,SNORD41,.((((............................................................)))).
236,SNORD44,...((......................................................))
237,SNORD45A,((((..........................................................................))))..
238,SNORD45C,((((.....................................................................))))..
239,SNORD46,..((............................................................................................))
240,SNORD47,((((.....................................................................))))
241,SNORD48,((...........................................................))
242,SNORD49A,..............((((.......)))).((((((.........)))))).((((.......))))....
243,SNORD49B,............((((........))))..((((((.........)))))).....................
245,SNORD4B,(.(((((............................................................))))).)
246,SNORD5,...(((....(((((......)))))..((((...........)))).................)))......
248,SNORD51,..((................................................................))
250,SNORD53,((((......................................................................))))
251,SNORD54,.(((........................................................)))
252,SNORD55,((((........................................................................))))
253,SNORD56,.(((...((((...........)))).........................................))).
254,SNORD57,.(((.................................................................)))
255,SNORD58,((((.........................................................)))).
256,SNORD58A,((((........................................................)))).
257,SNORD58B,((((.........................................................)))).
258,SNORD58C,..((....................................................................................))
260,SNORD59B,((((..............................................................).)))
264,SNORD62A,((((..............................................................................))))
265,SNORD62B,((((..............................................................................))))
266,SNORD63,((((...........................................................)))).
267,SNORD65,(......................................................................).
268,SNORD66,((((...................................................................))))
269,SNORD67,...(.(((.............((((((((.(((...(((((....))))).))).)))).))))......................................))).).
270,SNORD7,(.((.................................((((............))))....................................))).
271,SNORD70,((((((((((((.............................................................))))))))))))
272,SNORD72,.(((((((................................................................))))))).
273,SNORD73A,((((.........................................................))))
274,SNORD74,(((...........................................................................)))..
275,SNORD75,((((....................................................))))
276,SNORD76,.(((..........................................................................)))
277,SNORD77,..((((.(((((..((((........)))).....)))))....(((((...))))).......))))..
279,SNORD79,(((((.......................................................................)))))
280,SNORD80,.((..................................................................))
281,SNORD81,(((((((............................................................)))))))
283,SNORD83A,(((((.....................................................................................)))))
285,SNORD84,((((..........................((((...))))................................)))).
286,SNORD87,(((((((...........................................................................)))))))
287,SNORD88A,(((((((.............................................................................)))))))
288,SNORD88C,(((...((((.............................................................................))))...)))
290,SNORD91B,(((((((........................................................................)))))))
291,SNORD92,((((.............................................................................))))
294,SNORD96A,(((..................................................................)))
296,SNORD98,((((...........................................................))))
297,SNORD99,(((((...............................................................))))).
298,snoU2,............................(((((...((((......))))....))))).....................
300,SNORD108,(.((...............................................................)).)
306,mgU12-22/U4-8,...(((((..((((((.......(((((((.....))))))).((((.(((....))).)))).......)))))).......((((((((.........((((((((((((.((((((((((..((..(((((.((....(((((((((.....(((.........)))....)))))))))....))(((((((((....((....))..........)).))))))).....))))))))))))))))))))...........................................((((((((....))))))))................)))))))))..............)))))))).......(((((...........................)))))......))))).
309,SNORA77,((((((.......((((((...)))))).......))))))...........(((((((((((((..(((((...........))))).)))))).))))))).........
323,SNORD50B,.(((...............................................................)))
333,SNORD95,...((........................................................))
335,U105B,((((((((((((..(((.((((....))))......)))...)))))..((((.....(((((.(((((...........))..))).)..))))...)))).)))))))..........................(((((((..........((((((...((((...)))).......)))))).......)))))))........
340,SNORA26,(((.........................)))..................(.(((((......(((((((.(((.((....))))).)))))))........))))).)......
341,SNORA73B,.((((((((((((.(((.((((....))))....)))...)))))..((((.....(((((.(((((..........))..))).)..))))...)))).)))))))..........................(((((((..........((((((...((((...)))).......)))))).......)))))))........
344,SNORD114-31,.(((((..............................................................))))).
350,SNORD17,.........(((((..((((..(((((((((..((..(((((((((((((((((((.(((((((((((((.....)))))).)))))))..(((((((......(((..(((((((((((((...)))))))))))))..).))......))))))).)).))))).)))))))).)))).((((((((.((.....)).))))))))))..)).)))))))...))))..))))).
357,SNORD8,((((....................................(((((........)))))...............................................)))).
360,SNORA47,.(((((........(((((((((((..........)))))))..))))........)))))...................(((..((.(((.....(((((.((......)))))))...))).)).)))........
361,snora71,(((((((((....((((((((.((((.......))))))))))))...))))))))).........(.(((((((..........((((((((((...........))))).)))))......))))))))...
364,SNORD29,.(((........................................................)))..
365,SNO1209,...(((.(((((............(((((((....(((.......)))..)))))))....)))))..))).............(((((...(.(((.(((((((.........))))))).))).)....)))))........
366,SNO1210,((((((.............((((((.......(((((((......)))))))..................))))))))))))
367,SNO1212,...(((((..((((((.......(((((((.....))))))).((((.(((....))).)))).......)))))).......((((((((.........((((((((((((.((((((((((..((..(((((.((....(((((((((.....(((.........)))....)))))))))....))(((((((((....((....))..........)).))))))).....))))))))))))))))))))...........................................((((((((....))))))))................)))))))))..............)))))))).......(((((...........................)))))......))))).
368,SNO1257,.(((((..............................................................))))).
369,SNO1277,((((((((((.........................................................))))))))))
370,SNO1283,(((((((......(((........((......))((((..(((.((((..((.(((((.....))))).))((.(......).)))))).).))..)))).)))...)))))))
371,SNO1289,((((...........................................................))))
372,SNO1290,(((((...............................................................))))).......
373,SNO1291,((((((................................................................))))))
374,SNO1374,(((((.............................................................)))))
375,SNO1382,((((((.........................................................)))))).
376,SNO1384,(((((..............................................................)))))
377,SNO1387,((............................................................................))
378,SNO1394,...((....))...................(((.(((...(((((...((..((((((((((((((.....)))))))))...)))))..))...)))))..))).))).....................................
379,SNO1399,((((.......................................................................)))).
380,SNO1401,.(((.....................(((.((((((...((((((((((...((....)).........))))))))))...))))))))).....((...(((((....)))))..))...)))..
381,SNO1403,((((..........................................................)))).
382,SNO1405,((((...............................................................)).))
383,SNO1407,.(((........................................................)))..
384,SNO1408,(((((((((((..(((((.....))))).)))))).))))).......(((.((......))))).........(((((..............((((((((((((..(((.......((((...(((((((((......))))).))))..)))).........))).(((((((((....))))))).))..)))))))))))).......)))))
385,SNO1409,(((((((((((..(((((.....))))).)))))).))))).......(((.((......))))).........(((((..............((((((((((((..(((.......((((...(((((((((......))))).))))..)))).........))).(((((((((....))))))).))..)))))))))))).......)))))
386,SNO1413,......................(((((..((((.........)))).)))))..................
387,SNO1414,..((...............................................................))..
388,SNO1417,((((.........................................................................))))..
389,SNO1425,(((...................((((......))))................................)))
390,SNO1426,((((..................((((......)))).............................))))
391,SNO1441,..(((...............................................................)))
392,SNO1457,((((...........................................................)))).
393,SNO1458,((((.........................................................))))
394,SNO1460,(((((................((((............................))))..........)))))
395,SNO1465,(((((((.......................................................................)))))))
396,SNO1466,........................(((.((((((...)))))))))...........................((.((((....).))).))...(((((((((...........)))))))))............
397,SNO1467,.(((((..................................................................))))).
398,SNO1472,(((((...................................................................................)))))
399,SNO1490,..(((((..........(((((............)))))............)))))............((((((.......(((((((.(((......))).)))))))......)))))).......
400,SNO1502,.((((((((..((.((((((..((((........))))..))))))))..))).)))))..........(((((((....((((((.(((((........))))).))))))...)))))))........
401,SNO1507,..(((((........(((((..................))))).............))))).........((((........(((((((.(((......))).))))))).........))))..........
402,SNO1532,.((((((((.........((((......))))....................)))))))).............((((.(((((((((...........)))))))))....(((((((......))))))).....))))............
403,SNO1549,...(((((.........((((((((((........)))))))))).......)))))...........................((((.((((............)))).)))).....................
404,SNO1550,.(((((........(((((((((((..........)))))))..))))........)))))...................(((..((.(((.....(((((.((......)))))))...))).)).)))........
405,SNO1562,...........((((((......(((((.((.....)).)))))......))))))...............(((.(((((.((...((((((..(((.......)))..))))))..))..)))).)))).......
406,SNO1563,..((((((.............((((........))))................))))))...............(((((((.........((((((......)))))).......)))))))...........
407,SNO1568,.(((((((((....((((((((.((((.......))))))))))))...)))))))))........(.(((((((............((((((((((..........))))).)))))......))))))))......
409,SNORD113-5,.(((((.................................................................))))).
421,SNORD103A,....(((((..........................................................................)))))
422,SNORD103B,....(((((..........................................................................)))))
437,SNORD11B,.((((((............................................................................)))))).
438,SNORD121A,((((((.((((............................................................)))).))))))
447,SNORD30,......................(((((..((((.........)))).)))))..................
472,SNORD88B,(((((((.............................................................................)))))))
476,snoU13,..((..(((((((........)))))))..))........................................................................
479,SNORD-115,((((((.((........................................................)).))..))))
501,SNORA25,.((((((......((((((((.(..((........)).)))))))))......))))))............(((((..((((....((((((((..........))))))))....))))..))))).......
504,SNORA30,..((((((....(((.((((.((((.......))))..)))).)))......)))))).........(((((((.((.((..(((((((((.......)))).)))))..)))).)))).)))......
513,SNORA50A,.(((((((..............................................)))))))............((((((......(((.(..(((((.......)))))..).)))......))))))........
514,SNORA51,.(((((((...........(((...((((....))))...))).........)))))))............((((((........(((.((((((.....)))))).)))........))))))........
515,SNORA53,.(((((((..(((((...((((((((((((((..((((..((((.(..((((..(.((((.....)))))..))))..))))).....))))..))))))((((((.....)))))).....)))))))).))))).....))))))).............(((((..(.((((......((((((((...(((.(.(((.......)))....).)))))))))))....)))).)..))))).....
517,SNORA63,...(((((.........((((((((((........)))))))))).......)))))...........................((((.((((............)))).)))).....................
519,SNORA66,..((((((.............((((........))))................))))))...............(((((((.........((((((......)))))).......)))))))...........
521,SNORA68,.((((((((.........((((((((((......)))))))))).......)))))))).........(((((((.....(((((((((((.........)))))))))))........))))))).......
522,SNORA70,.((((.............((((..((((..........))))..)))).))))........................(((........((((((...........)))))).........)))............
523,SNORA70B,.((((.............((((..((((..........))))..)))).))))........................(((........((((((...........)))))).........)))............
526,SNORA72,..(((..........(((((((((((.......)))))))))))..........))).........((((.((........((((((((((........))))))))))..........)))))).......
527,SNORA8,.((((((......(((((((((((((((.......))))).))))))....))))))))))..(((((((((((.....(((((...................)))))........)))).)))))))...........
528,SNORD114-6,.(((((...........................................................))))).
551,SNORA80E,(((((......((((((.(((((.........)).))).))))))..)))).)...............((((((.....((...((((((((..........))))))..))...))....)))))).......
552,SNORA81,.................((.(((((..((((..((.((((((((...)))))))).)).....))))..))))).))......................(((((((((...........(.(.((((..............)))).).)..............)))))))))......
561,SNORD23,.(((((....))....................(((((...)))))...................((((((((((..((((.....))))...))))))))))....))).
565,SNORD71,.(((((((((.((((.(..........).)))).(((((...(((......)))...)))))...........))...))))))).
573,SNORA5C,.((((............(((((((((((........)))))))))))..........)))).............((((((......(((.((.................)).)))........))))))........
578,SNORA7A,..(((((.....(((...((((((((((.....)))))).))))...)))....))))).............((((((.......(((((.((((((((........)))))).)).)))))....)))))).......
581,SNORD100,((((((................................................................))))))
584,SNORD111B,(((((...........................................................................................)))))
602,SNORD36C,((((...........................................................)))).
635,SNORD91A,...(((((((........................................................................)))))))...
641,snoU2-30,((((........(((((((........)))))))...............................)))).
644,SNORD114-10,.(((((...........................................................))))).
645,SNORD114-11,.(((((..............................................................))))).
646,SNORD114-2,.(((((.................................................................))))).
652,SNORD116-14,(((((....................(((((.(((..........)))...)))))................................)))))
655,SNORD116-22,(((((....................(((((.(((..........)))...)))))................................)))))
656,SNORD116-23,(((((....................(((((.(((..........)))...)))))................................)))))
658,SNORD116-27,.(((((....................((((.(((.........)))....))))..................................))))).
659,SNORD116-4,(((((.......................(((((.(((...........)))...)))))................................)))))
660,SNORD116-5,(((((......................(((((.(((...........)))...)))))................................)))))
661,SNORD116-6,.(((((.......................(((((.(((...........)))...)))))................................))))).
662,SNORD116-9,(((((......................(((((.(((...........)))...)))))................................)))))
666,SNORA74B,..(((((((((.((..((((((((((.........))).).))))))...)))))))))))........(((((((((.....(((((((((((((((((.....))))))).))))))..))))..))))))))).((((((((........(((.(((((((.........))))))).)))......))))))))......
673,SNORA14A,.((((.((((.....((((((.(((............))).))))))..))))...))))...(((..(((((((.........(((((((.((..(....)..)).)))))))........)))))))..)))
675,SNORA18,..((((((...(((((((((((((........)))))...)))))..)))...)))))).....................((((.((((((((.(((....))).))))))))))))...............
679,SNORA28,........(((((((.((((((........)))))).))))....)))...............(((((((...(((..((((....((((......))))...))))..)))))))))).......
680,SNORA2B,..(((.............................(((((.(...).)))))..)))..........((((((..........((((((((..................))))))))........)))))).......
695,SNORA57,(((((.........((((((.((((........)))).))))))........))))).........................((((((.............(((((((........)))))))............))))))........
698,SNORA6,.(((((((...................((((....))))......................))))))).........(((((..............((((..((((..).))).....))))................)))))......
706,SNORA75,..((((((.....(((((...(((((.......))))).....)))...))..))))))..........((((((.................((((((......))))))..............)))))).......
708,SNORA80B,((((((((......((((((.(((((.........)).))).)))))).)))).))))............((((((.....((...((((((((..........))))))..))...))....)))))).......
713,SNORA65,....((((((......(((((.((.....)).)))))......))))))...............(((.(((((.((...((((((..(((.......)))..))))))..))..)))).)))).......
717,SNORD42,(((((...........................................................)))))
724,SNORA20,..((((((......(((((((.((.((.......)))).))))))).......))))))..........((((((((.((((....((((((((((....))))).)))))...))))))))))))......
769,SNORA12,....(((((((..........(((.((((((.........)))))).))).....)))))))............(((((((((....)))...............(((((.................)))))..)))))).......
783,SNHG1:12,..(((........(((((((((((.......))))...................(((((...(((.......)))...)))))....................(((((((((((.....((((.................))))......................(((....))).......(((....)))...))))).(((((...)))))...))))))..........................((((......(((.....))).....))))(((((....)))))...........(((((.........(((((((.......................))))))).........((.(((((......)))))))..........)))))...(((....)))..)))))))...........................................................................................................................................................................................................((((((((..............)))))))).......((.......))......(((.....)))...........(((((((.(((((((((..((((...(((......))).))))..))).))))))..))))))).............(((((.(((.(((((((...((..........))..)))).))).))).))))).........................))).........
784,SNHG1:59,...(((((.................................((....))((((((((((....................................................................................................................................................................................................................)))))))))).........(((((......)))))....................(((....)))..................(((((((((............))))))))).....((((....))))........((((.(((.......)))))))........................................................(((.......))).....))))).((((((...)))))).............
785,SNHG22:3,....................(((((((...(((((((.((....))................................((....))..........)))))))..((............))...(((.....................))).)))))))................(((((.............)))))...........................((..((((.....))))....))........................................................((((..(((.......(((.....................((((((((..........))).)))))...........................((((((....)))))).....((((((((......))))))))..))).......)))...........((..((((((((((((((..........................................)))))))))).))))................)).....((....))..)))).................................................................................
786,SNHG5:47,...............................(((((((((..............((((((.((((....................((((.................((((((((...))))))))..............................((((..........))))..................................))))....(((((((...(((.................))).................)))))))......)))).))))))....................(((((....(((((.....)))))................((((..(((((((....)))))))..)))).........................)))))......................(((((.....)))))................(((((((((..................((((((((...((.................))..))))))))...)))).)))))..................................((((((((((((....)))))))))))).................)))....((((.......)))).....(((((...((((((((((((.....((((((((............(((((((...(((((...........))))).)))))))..................................................)))))))).((....))..............))))))))))))..))))).................................................................((((..(((..(((((((((.....(((.....)))((....))))))))))))))..)))).........................))))))......
787,SNHG5:5,...............................(((((((((..............((((((.((((....................((((.................((((((((...))))))))..............................((((..........))))..................................))))....(((((((...(((.................))).................)))))))......)))).))))))....................(((((....(((((.....)))))................((((..(((((((....)))))))..)))).........................)))))......................(((((.....)))))................(((((((((..................((((((((...((.................))..))))))))...)))).)))))..................................((((((((((((....)))))))))))).................)))....((((.......)))).....(((((...((((((((((((.....((((((((............(((((((...(((((...........))))).)))))))..................................................)))))))).((....))..............))))))))))))..))))).................................................................((((..(((..(((((((((.....(((.....)))((....))))))))))))))..)))).........................))))))......
788,SNHG8:14,..((((((((((((((((((....................((((..((((((.........................(((........)))..........................................................((((((....)))))).....(((((.......)))))..........((((....))))...(((..((((......))))..)))..................((((.....))))...........)))))).)))).........................((((.........((....)).....)))).(((((((((((...(((....)))....)))))..............))))))................................................................................((((...(((((.......)))))))))..................)))))))))))............................)))))))
789,SNORD115-31,((((((.((..............................................................)).))..))))
793,SNORA36B,(((((((((........(((..(((((......)))))..)))........)))))))))..........((((.((((.......(((((((((.......)))))))))....)))).)))).......
799,SNHG1:60,.......................((((((........(((.........................)))(((((((........(((((......)))))....................(((....)))..............................((............))...................................................................................................(((.......)))......................................................(((((((((............))))))))).....((((....))))......................)))))))................(((((.((((......))))..........................................)))))..........))))))...............................................
800,SNHG1:63,.................................((....)).......((((((.....(((((((((((((...(((((((....))...................))))).((((.(((((((((..(((.......))).......(((.((((((...))))))))).(((((((..........)))))))...))))))))).))))..)))))))..))))))((....))..))))))
805,SNORA14B,..((((.((((.....((((((.(((............))).))))))..))))...))))...(((..(((((((.........(((((((.((..(....)..)).)))))))........)))))))..)))
824,SNORA79,((((((((.....(((((.((((.........)))).))))).....)))))))).............((((((......((((((((((....((((.......)))))))))))))).......))))))........
826,SNORD113-1,(((...........................................................)))....
835,SNORD115-13,((((((.((..............................................................)).))..))))
852,SNORD45,((((..............................................................))))..
870,snoU2-19,............................(((((...((((......))))....))))).....................
878,snoR38,(((((((................................................................)))))))
883,SNORD116-28,(((((....................((((.(((.........)))...))).).................................)))))
889,SNORA1,.(((.(((.........(((((((...........)))))))..........))).))).........(((((.........((((((...............)))))).........))))).......
